round,average_career,av_pick
1,7.683846,16
2,6.512307692,48
3,5.438461538,80
4,4.936923077,112
5,4.289230769,144
6,3.913333333,176
7,3.657692308,208
